cost_rank,state,state_code,eia_residential_cents_kwh,estimated_9kw_session_cost,estimated_annual_cost_3x_week,indexed_metros,eia_period,dataset_version
1,Hawaii,HI,48.0,6.7,1045,1,2026-07,2.0
2,Maine,ME,32.41,5.22,814,1,2026-07,2.0
3,Alaska,AK,28.83,4.8,749,1,2026-07,2.0
4,Massachusetts,MA,30.49,4.75,741,1,2026-07,2.0
5,California,CA,33.61,4.69,732,4,2026-07,2.0
6,New York,NY,29.9,4.64,724,2,2026-07,2.0
7,Rhode Island,RI,28.29,4.42,690,1,2026-07,2.0
8,New Hampshire,NH,26.6,4.34,677,1,2026-07,2.0
9,New Jersey,NJ,25.19,3.89,607,1,2026-07,2.0
10,Vermont,VT,23.75,3.87,604,1,2026-07,2.0
11,District of Columbia,DC,25.21,3.84,599,1,2026-07,2.0
12,Connecticut,CT,24.16,3.81,594,1,2026-07,2.0
13,Michigan,MI,23.05,3.67,573,2,2026-07,2.0
14,Pennsylvania,PA,21.72,3.37,526,2,2026-07,2.0
15,Maryland,MD,21.41,3.22,502,1,2026-07,2.0
16,Wisconsin,WI,19.06,3.09,482,2,2026-07,2.0
17,Ohio,OH,19.45,3.04,474,2,2026-07,2.0
18,Illinois,IL,19.22,3.04,474,1,2026-07,2.0
19,Minnesota,MN,17.45,2.91,454,1,2026-07,2.0
20,Delaware,DE,18.48,2.87,448,1,2026-07,2.0
21,Colorado,CO,17.0,2.69,420,2,2026-07,2.0
22,Indiana,IN,16.73,2.66,415,1,2026-07,2.0
23,Virginia,VA,17.55,2.64,412,2,2026-07,2.0
24,Iowa,IA,15.99,2.6,406,1,2026-07,2.0
25,South Dakota,SD,15.37,2.57,401,1,2026-07,2.0
26,Missouri,MO,16.09,2.5,390,2,2026-07,2.0
27,New Mexico,NM,16.09,2.46,384,1,2026-07,2.0
28,Montana,MT,14.99,2.43,379,1,2026-07,2.0
29,West Virginia,WV,15.78,2.42,378,1,2026-07,2.0
30,Alabama,AL,16.4,2.41,376,1,2026-07,2.0
31,Georgia,GA,16.27,2.41,376,1,2026-07,2.0
32,Kansas,KS,15.27,2.39,373,1,2026-07,2.0
33,Oregon,OR,15.97,2.32,362,1,2026-07,2.0
34,North Dakota,ND,13.41,2.31,360,1,2026-07,2.0
35,Wyoming,WY,14.36,2.28,356,1,2026-07,2.0
36,Texas,TX,15.88,2.27,354,5,2026-07,2.0
37,North Carolina,NC,15.16,2.26,353,2,2026-07,2.0
38,Nebraska,NE,13.78,2.22,346,1,2026-07,2.0
39,Washington,WA,14.71,2.21,345,2,2026-07,2.0
40,Oklahoma,OK,14.35,2.19,342,2,2026-07,2.0
41,South Carolina,SC,15.47,2.17,339,1,2026-07,2.0
42,Arizona,AZ,15.38,2.17,339,2,2026-07,2.0
43,Arkansas,AR,14.33,2.15,335,1,2026-07,2.0
44,Kentucky,KY,13.81,2.12,331,1,2026-07,2.0
45,Idaho,ID,13.73,2.11,329,1,2026-07,2.0
46,Mississippi,MS,14.54,2.11,329,1,2026-07,2.0
47,Florida,FL,15.03,2.1,328,4,2026-07,2.0
48,Tennessee,TN,13.71,2.06,321,2,2026-07,2.0
49,Utah,UT,13.12,2.0,312,1,2026-07,2.0
50,Nevada,NV,12.77,1.9,296,2,2026-07,2.0
51,Louisiana,LA,12.72,1.77,276,1,2026-07,2.0
