climate_rank,planning_rank,cost_rank,city,state,climate_score,cost_index,planning_score,climate_class,jan_normal_low_f,freeze_months,annual_precip_in,annual_snow_in,snow_data_status,electricity_cents_kwh_state_average,estimated_9kw_session_cost,climate_source,station,snow_station,dataset_version,generated
1,3,46,Fargo,ND,76.7,13.6,64.1,Severe climate load,0.2,6,23.9,51.4,available,13.41,2.31,NOAA/NCEI U.S. Monthly Climate Normals 1991–2020 (direct by-station archive),USW00014914 — FARGO HECTOR INTL AP (3.2 mi from city reference point),,2.0,2026-09-28
2,1,3,Anchorage,AK,70.2,75.3,71.2,High climate load,8.2,7,14.2,76.9,available,28.83,4.8,NOAA/NCEI U.S. Monthly Climate Normals 1991–2020 (direct by-station archive),USW00026409 — ANCHORAGE MERRILL FLD (1.4 mi from city reference point),USC00500275 — ANCHORAGE FORECAST OFFICE (5.2 mi from city reference point),2.0,2026-09-28
3,5,27,Minneapolis,MN,66.0,29.8,58.8,High climate load,8.1,5,34.4,40.4,available,17.45,2.91,NOAA/NCEI U.S. Monthly Climate Normals 1991–2020 (direct by-station archive),USC00214884 — LOWER ST ANTHONY FALLS (1.1 mi from city reference point),USC00218450 — U OF MN ST PAUL (4.5 mi from city reference point),2.0,2026-09-28
4,8,35,Sioux Falls,SD,65.7,21.5,56.9,High climate load,7.4,5,28.3,45.3,available,15.37,2.57,NOAA/NCEI U.S. Monthly Climate Normals 1991–2020 (direct by-station archive),USC00397666 — SIOUX FALLS WFO AP (2.6 mi from city reference point),USW00014944 — SIOUX FALLS (2.6 mi from city reference point),2.0,2026-09-28
5,6,22,Madison,WI,63.8,36.2,58.3,High climate load,11.1,5,40.2,38.5,available,19.06,3.13,NOAA/NCEI U.S. Monthly Climate Normals 1991–2020 (direct by-station archive),USC00470273 — UW ARBORETUM - MADISON (2.5 mi from city reference point),USC00471416 — CHARMANY FARM (4.2 mi from city reference point),2.0,2026-09-28
6,4,12,Manchester,NH,62.1,66.4,63.0,High climate load,13.0,5,42.5,52.8,available,26.6,4.34,NOAA/NCEI U.S. Monthly Climate Normals 1991–2020 (direct by-station archive),USC00275211 — MASSABESIC LAKE (3.4 mi from city reference point),,2.0,2026-09-28
7,2,2,Portland,ME,60.3,89.6,66.2,High climate load,15.6,5,48.1,68.7,available,32.41,5.22,NOAA/NCEI U.S. Monthly Climate Normals 1991–2020 (direct by-station archive),USW00014764 — PORTLAND JETPORT (2.5 mi from city reference point),,2.0,2026-09-28
8,13,34,Des Moines,IA,60.2,24.0,53.0,High climate load,13.8,5,36.5,36.5,available,15.99,2.6,NOAA/NCEI U.S. Monthly Climate Normals 1991–2020 (direct by-station archive),USW00014933 — DES MOINES INTL AP (4.2 mi from city reference point),,2.0,2026-09-28
9,15,54,Omaha,NE,57.8,15.1,49.3,High climate load,15.2,5,31.9,27.1,available,13.78,2.22,NOAA/NCEI U.S. Monthly Climate Normals 1991–2020 (direct by-station archive),USW00014942 — OMAHA EPPLEY AIRFIELD (4.1 mi from city reference point),,2.0,2026-09-28
10,9,14,Burlington,VT,57.4,55.0,56.9,High climate load,12.9,4,37.5,87.5,available,23.75,3.87,NOAA/NCEI U.S. Monthly Climate Normals 1991–2020 (direct by-station archive),USW00014742 — BURLINGTON INTL AP (3.1 mi from city reference point),,2.0,2026-09-28
11,10,17,Grand Rapids,MI,57.3,52.2,56.3,High climate load,17.0,5,39.6,74.9,available,23.05,3.69,NOAA/NCEI U.S. Monthly Climate Normals 1991–2020 (direct by-station archive),USC00202375 — E GRAND RAPIDS (3.3 mi from city reference point),,2.0,2026-09-28
12,19,39,Billings,MT,55.8,20.0,48.6,High climate load,14.4,5,15.4,35.0,available,14.99,2.43,NOAA/NCEI U.S. Monthly Climate Normals 1991–2020 (direct by-station archive),USC00240802 — BILLINGS WTP (1.1 mi from city reference point),,2.0,2026-09-28
13,20,48,Cheyenne,WY,55.3,17.4,47.7,High climate load,18.4,6,15.4,62.9,available,14.36,2.28,NOAA/NCEI U.S. Monthly Climate Normals 1991–2020 (direct by-station archive),USW00024018 — CHEYENNE (1.1 mi from city reference point),,2.0,2026-09-28
14,17,24,Milwaukee,WI,52.2,36.2,49.0,Moderate climate load,17.2,4,34.6,48.7,available,19.06,3.05,NOAA/NCEI U.S. Monthly Climate Normals 1991–2020 (direct by-station archive),USW00014839 — MILWAUKEE MITCHELL AP (5.9 mi from city reference point),,2.0,2026-09-28
15,23,31,Indianapolis,IN,52.1,26.9,47.1,Moderate climate load,18.9,4,44.6,25.5,available,16.73,2.66,NOAA/NCEI U.S. Monthly Climate Normals 1991–2020 (direct by-station archive),USC00124272 — INDIANAPOLIS SE SIDE (6.1 mi from city reference point),USW00093819 — INDIANAPOLIS (7.7 mi from city reference point),2.0,2026-09-28
16,24,29,Colorado Springs,CO,51.4,28.0,46.7,Moderate climate load,18.5,5,15.9,32.5,available,17.0,2.7,NOAA/NCEI U.S. Monthly Climate Normals 1991–2020 (direct by-station archive),USW00093037 — COLORADO SPRINGS MUNI AP (7.2 mi from city reference point),,2.0,2026-09-28
17,7,6,Buffalo,NY,51.3,79.6,57.0,Moderate climate load,19.0,4,40.7,95.4,available,29.9,4.74,NOAA/NCEI U.S. Monthly Climate Normals 1991–2020 (direct by-station archive),USW00014733 — BUFFALO (7.9 mi from city reference point),,2.0,2026-09-28
18,14,16,Hartford,CT,50.3,56.6,51.6,Moderate climate load,20.3,4,42.8,51.7,available,24.16,3.81,NOAA/NCEI U.S. Monthly Climate Normals 1991–2020 (direct by-station archive),USW00014752 — HARTFORD BRAINARD FLD (2.0 mi from city reference point),USW00014740 — HARTFORD-BRADLEY INTL AP (12.3 mi from city reference point),2.0,2026-09-28
19,21,23,Columbus,OH,50.0,37.8,47.6,Moderate climate load,20.9,4,44.7,28.2,available,19.45,3.06,NOAA/NCEI U.S. Monthly Climate Normals 1991–2020 (direct by-station archive),USC00331785 — COLUMBUS WCMH (4.7 mi from city reference point),USW00014821 — JOHN GLENN INTL AP (6.9 mi from city reference point),2.0,2026-09-28
20,22,25,Chicago,IL,49.8,36.9,47.2,Moderate climate load,19.4,4,34.4,38.8,available,19.22,3.04,NOAA/NCEI U.S. Monthly Climate Normals 1991–2020 (direct by-station archive),USW00014819 — CHICAGO MIDWAY AP (9.2 mi from city reference point),USC00111577 — CHICAGO MIDWAY AP 3SW (12.4 mi from city reference point),2.0,2026-09-28
21,18,19,Pittsburgh,PA,49.3,46.9,48.8,Moderate climate load,20.5,4,38.3,44.1,available,21.72,3.42,NOAA/NCEI U.S. Monthly Climate Normals 1991–2020 (direct by-station archive),USC00362574 — EMSWORTH L/D OHIO RVR (6.8 mi from city reference point),USW00094823 — PITTSBURGH ASOS (12.2 mi from city reference point),2.0,2026-09-28
22,12,11,Providence,RI,49.2,73.2,54.0,Moderate climate load,22.1,4,47.5,36.6,available,28.29,4.42,NOAA/NCEI U.S. Monthly Climate Normals 1991–2020 (direct by-station archive),USW00014765 — PROVIDENCE (6.8 mi from city reference point),,2.0,2026-09-28
23,16,18,Detroit,MI,48.5,52.2,49.2,Moderate climate load,19.8,4,29.9,30.8,available,23.05,3.64,NOAA/NCEI U.S. Monthly Climate Normals 1991–2020 (direct by-station archive),USW00014822 — DETROIT CITY AP (5.7 mi from city reference point),USC00202015 — DEARBORN (9.6 mi from city reference point),2.0,2026-09-28
24,26,30,Denver,CO,48.3,28.0,44.2,Moderate climate load,21.3,5,15.8,40.7,available,17.0,2.67,NOAA/NCEI U.S. Monthly Climate Normals 1991–2020 (direct by-station archive),USC00052223 — DENVER WATER DEPT (1.2 mi from city reference point),,2.0,2026-09-28
25,11,5,Boston,MA,47.4,82.0,54.3,Moderate climate load,23.1,4,43.6,49.2,available,30.49,4.75,NOAA/NCEI U.S. Monthly Climate Normals 1991–2020 (direct by-station archive),USW00014739 — BOSTON (2.6 mi from city reference point),,2.0,2026-09-28
26,28,26,Cleveland,OH,45.1,37.8,43.6,Moderate climate load,23.5,4,33.3,63.8,available,19.45,3.02,NOAA/NCEI U.S. Monthly Climate Normals 1991–2020 (direct by-station archive),USW00004853 — CLEVELAND BURKE LAKEFRONT AP (2.1 mi from city reference point),USW00014820 — CLEVELAND (10.6 mi from city reference point),2.0,2026-09-28
27,32,49,Spokane,WA,44.7,18.8,39.5,Moderate climate load,24.7,5,16.4,45.4,available,14.71,2.27,NOAA/NCEI U.S. Monthly Climate Normals 1991–2020 (direct by-station archive),USW00024157 — SPOKANE INTL AP (5.3 mi from city reference point),,2.0,2026-09-28
28,30,28,Wilmington,DE,43.9,33.9,41.9,Moderate climate load,23.8,3,50.3,12.0,available,18.48,2.87,NOAA/NCEI U.S. Monthly Climate Normals 1991–2020 (direct by-station archive),USC00079605 — WILMINGTON PORTER RSCH (2.4 mi from city reference point),,2.0,2026-09-28
29,31,36,Kansas City,MO,43.5,24.4,39.7,Moderate climate load,22.2,3,38.1,11.0,available,16.09,2.51,NOAA/NCEI U.S. Monthly Climate Normals 1991–2020 (direct by-station archive),USW00013988 — KANSAS CITY DWTN AP (2.0 mi from city reference point),,2.0,2026-09-28
30,33,43,Wichita,KS,42.8,21.1,38.5,Moderate climate load,22.2,3,34.4,12.7,available,15.27,2.39,NOAA/NCEI U.S. Monthly Climate Normals 1991–2020 (direct by-station archive),USC00148847 — WICHITA WX (6.1 mi from city reference point),USW00003928 — WICHITA (6.2 mi from city reference point),2.0,2026-09-28
31,25,13,Newark,NJ,42.7,60.8,46.3,Moderate climate load,24.9,3,50.4,28.2,available,25.19,3.89,NOAA/NCEI U.S. Monthly Climate Normals 1991–2020 (direct by-station archive),USC00283704 — HARRISON (1.1 mi from city reference point),,2.0,2026-09-28
32,34,37,St. Louis,MO,41.9,24.4,38.4,Moderate climate load,24.6,3,43.9,16.6,available,16.09,2.49,NOAA/NCEI U.S. Monthly Climate Normals 1991–2020 (direct by-station archive),USC00237452 — ST LOUIS SCI CTR (3.8 mi from city reference point),USW00013994 — ST LOUIS LAMBERT INTL AP (12.6 mi from city reference point),2.0,2026-09-28
33,37,63,Louisville,KY,41.2,15.2,36.0,Moderate climate load,25.9,3,48.0,4.3,available,13.81,2.12,NOAA/NCEI U.S. Monthly Climate Normals 1991–2020 (direct by-station archive),USC00154955 — LOUISVILLE MCALPINE (2.6 mi from city reference point),,2.0,2026-09-28
34,36,40,Charleston,WV,40.7,23.1,37.2,Moderate climate load,26.1,3,46.2,31.5,available,15.78,2.42,NOAA/NCEI U.S. Monthly Climate Normals 1991–2020 (direct by-station archive),USW00013866 — CHARLESTON - YEAGER AP (2.9 mi from city reference point),,2.0,2026-09-28
35,38,70,Nashville,TN,40.4,14.8,35.3,Moderate climate load,27.5,3,53.2,4.7,available,13.71,2.09,NOAA/NCEI U.S. Monthly Climate Normals 1991–2020 (direct by-station archive),USC00408238 — SHELBY BOTTOMS NATURE CTR (3.1 mi from city reference point),USW00013897 — NASHVILLE INTL AP (6.2 mi from city reference point),2.0,2026-09-28
36,40,64,Boise,ID,39.0,14.9,34.2,Moderate climate load,25.5,4,11.5,17.6,available,13.73,2.11,NOAA/NCEI U.S. Monthly Climate Normals 1991–2020 (direct by-station archive),USW00024131 — BOISE AIR TERMINAL (4.2 mi from city reference point),,2.0,2026-09-28
37,29,15,Washington,DC,38.7,60.8,43.1,Moderate climate load,27.8,3,45.6,9.7,available,25.21,3.84,NOAA/NCEI U.S. Monthly Climate Normals 1991–2020 (direct by-station archive),USC00186350 — NATL ARBORETUM DC (3.8 mi from city reference point),,2.0,2026-09-28
38,41,56,Oklahoma City,OK,37.9,17.4,33.8,Moderate climate load,27.0,3,36.4,6.7,available,14.35,2.19,NOAA/NCEI U.S. Monthly Climate Normals 1991–2020 (direct by-station archive),USW00013967 — OKLAHOMA CY WILL ROGERS WORLD (7.2 mi from city reference point),,2.0,2026-09-28
39,42,57,Tulsa,OK,37.6,17.4,33.6,Moderate climate load,28.0,3,41.0,8.7,available,14.35,2.18,NOAA/NCEI U.S. Monthly Climate Normals 1991–2020 (direct by-station archive),USW00013968 — TULSA INTL AP (7.1 mi from city reference point),,2.0,2026-09-28
40,44,73,Reno,NV,37.6,11.1,32.3,Moderate climate load,26.1,4,7.4,20.9,available,12.77,1.96,NOAA/NCEI U.S. Monthly Climate Normals 1991–2020 (direct by-station archive),USW00023185 — RENO AP (2.7 mi from city reference point),,2.0,2026-09-28
41,35,20,Philadelphia,PA,35.7,46.9,37.9,Moderate climate load,27.8,2,50.7,16.1,available,21.72,3.31,NOAA/NCEI U.S. Monthly Climate Normals 1991–2020 (direct by-station archive),USC00366886 — PHILA FRANKLIN INST (0.6 mi from city reference point),,2.0,2026-09-28
42,27,10,New York,NY,35.4,79.6,44.2,Moderate climate load,27.9,2,49.5,29.8,available,29.9,4.55,NOAA/NCEI U.S. Monthly Climate Normals 1991–2020 (direct by-station archive),USW00094728 — NY CITY CNTRL PARK (5.2 mi from city reference point),,2.0,2026-09-28
43,46,72,Salt Lake City,UT,33.9,12.5,29.6,Mild climate load,27.6,3,17.7,49.0,available,13.12,2.0,NOAA/NCEI U.S. Monthly Climate Normals 1991–2020 (direct by-station archive),USC00427606 — SALT LAKE TRIAD CTR (0.8 mi from city reference point),,2.0,2026-09-28
44,43,32,Richmond,VA,33.7,30.2,33.0,Mild climate load,28.8,2,45.5,8.8,available,17.55,2.66,NOAA/NCEI U.S. Monthly Climate Normals 1991–2020 (direct by-station archive),USW00013740 — RICHMOND INTL AP (6.7 mi from city reference point),,2.0,2026-09-28
45,45,38,Albuquerque,NM,33.7,24.4,31.8,Mild climate load,26.4,3,8.8,7.9,available,16.09,2.46,NOAA/NCEI U.S. Monthly Climate Normals 1991–2020 (direct by-station archive),USW00023050 — ALBUQUERQUE INTL AP (3.3 mi from city reference point),,2.0,2026-09-28
46,39,21,Baltimore,MD,32.0,45.6,34.7,Mild climate load,30.0,2,43.7,19.3,available,21.41,3.22,NOAA/NCEI U.S. Monthly Climate Normals 1991–2020 (direct by-station archive),USW00093784 — MARYLAND SCI CTR (0.6 mi from city reference point),USW00093721 — BALTIMORE-WASHINGTON INTL AP (9.0 mi from city reference point),2.0,2026-09-28
47,48,60,Little Rock,AR,28.3,17.3,26.1,Mild climate load,30.9,1,50.4,3.8,available,14.33,2.15,NOAA/NCEI U.S. Monthly Climate Normals 1991–2020 (direct by-station archive),USW00013963 — LITTLE ROCK AP ADAMS FLD (3.5 mi from city reference point),,2.0,2026-09-28
48,49,51,Raleigh,NC,27.4,20.6,26.0,Mild climate load,31.6,1,49.4,4.5,available,15.16,2.26,NOAA/NCEI U.S. Monthly Climate Normals 1991–2020 (direct by-station archive),USC00317079 — RALEIGH STATE UNIV (3.4 mi from city reference point),,2.0,2026-09-28
49,47,33,Virginia Beach,VA,26.9,30.2,27.6,Mild climate load,31.6,1,46.6,3.4,available,17.55,2.62,NOAA/NCEI U.S. Monthly Climate Normals 1991–2020 (direct by-station archive),USW00013769 — OCEANA NAS (3.7 mi from city reference point),,2.0,2026-09-28
50,50,52,Charlotte,NC,26.1,20.6,25.0,Mild climate load,31.8,1,43.6,3.5,available,15.16,2.26,NOAA/NCEI U.S. Monthly Climate Normals 1991–2020 (direct by-station archive),USW00013881 — CHARLOTTE DOUGLAS AP (6.5 mi from city reference point),,2.0,2026-09-28
51,56,71,Memphis,TN,22.6,14.8,21.0,Mild climate load,33.3,0,54.9,2.7,available,13.71,2.03,NOAA/NCEI U.S. Monthly Climate Normals 1991–2020 (direct by-station archive),USW00013893 — MEMPHIS INTL AP (7.4 mi from city reference point),,2.0,2026-09-28
52,54,41,Birmingham,AL,21.1,25.6,22.0,Mild climate load,34.9,0,56.6,1.4,available,16.4,2.41,NOAA/NCEI U.S. Monthly Climate Normals 1991–2020 (direct by-station archive),USW00013876 — BIRMINGHAM AP (4.5 mi from city reference point),,2.0,2026-09-28
53,55,42,Atlanta,GA,21.1,25.1,21.9,Mild climate load,33.5,0,48.1,2.2,available,16.27,2.41,NOAA/NCEI U.S. Monthly Climate Normals 1991–2020 (direct by-station archive),USW00003888 — ATLANTA FULTON CO AP (8.0 mi from city reference point),USW00013874 — ATLANTA HARTSFIELD-JACKSON INT (8.8 mi from city reference point),2.0,2026-09-28
54,60,65,Jackson,MS,17.3,18.2,17.5,Mild climate load,37.5,0,51.3,1.0,available,14.54,2.11,NOAA/NCEI U.S. Monthly Climate Normals 1991–2020 (direct by-station archive),USW00013927 — JACKSON HAWKINS FLD (3.5 mi from city reference point),USW00003940 — JACKSON INTL AP (6.1 mi from city reference point),2.0,2026-09-28
55,59,45,Portland,OR,16.3,23.9,17.8,Mild climate load,37.3,0,44.1,3.6,available,15.97,2.32,NOAA/NCEI U.S. Monthly Climate Normals 1991–2020 (direct by-station archive),USC00356749 — PORTLAND KGW-TV (0.5 mi from city reference point),,2.0,2026-09-28
56,62,62,Seattle,WA,15.5,18.8,16.2,Mild climate load,36.8,0,36.5,3.8,available,14.71,2.14,NOAA/NCEI U.S. Monthly Climate Normals 1991–2020 (direct by-station archive),USW00024234 — SEATTLE BOEING FLD (4.5 mi from city reference point),USW00094290 — SEATTLE SAND PT WFO (6.4 mi from city reference point),2.0,2026-09-28
57,61,47,Dallas,TX,14.6,23.5,16.4,Mild climate load,37.9,0,38.3,1.7,available,15.88,2.3,NOAA/NCEI U.S. Monthly Climate Normals 1991–2020 (direct by-station archive),USW00013960 — DALLAS FAA AP (4.5 mi from city reference point),,2.0,2026-09-28
58,63,44,El Paso,TX,13.0,23.5,15.1,Mild climate load,34.5,0,8.8,2.8,available,15.88,2.34,NOAA/NCEI U.S. Monthly Climate Normals 1991–2020 (direct by-station archive),USW00023044 — EL PASO INTL AP (7.5 mi from city reference point),,2.0,2026-09-28
59,69,75,New Orleans,LA,11.8,10.9,11.6,Mild climate load,45.0,0,65.9,0.0,available,12.72,1.77,NOAA/NCEI U.S. Monthly Climate Normals 1991–2020 (direct by-station archive),USC00168941 — TERRYTOWN 3S (3.5 mi from city reference point),,2.0,2026-09-28
60,64,50,San Antonio,TX,11.3,23.5,13.7,Mild climate load,40.2,0,34.0,0.1,available,15.88,2.27,NOAA/NCEI U.S. Monthly Climate Normals 1991–2020 (direct by-station archive),USC00417947 — SAN ANTONIO INCARNATE WORD (3.6 mi from city reference point),,2.0,2026-09-28
61,65,55,Houston,TX,10.4,23.5,13.0,Mild climate load,44.3,0,54.1,0.0,available,15.88,2.22,NOAA/NCEI U.S. Monthly Climate Normals 1991–2020 (direct by-station archive),USC00414326 — HOUSTON-PORT (5.5 mi from city reference point),,2.0,2026-09-28
62,67,66,Miami,FL,10.2,20.1,12.2,Mild climate load,61.2,0,57.2,0.0,available,15.03,2.1,NOAA/NCEI U.S. Monthly Climate Normals 1991–2020 (direct by-station archive),USW00092811 — MIAMI BEACH (4.8 mi from city reference point),,2.0,2026-09-28
63,66,53,Austin,TX,10.0,23.5,12.7,Mild climate load,41.8,0,36.2,0.2,available,15.88,2.25,NOAA/NCEI U.S. Monthly Climate Normals 1991–2020 (direct by-station archive),USW00013958 — AUSTIN-CAMP MABRY (3.7 mi from city reference point),,2.0,2026-09-28
64,68,59,Charleston,SC,9.4,21.9,11.9,Mild climate load,43.6,0,44.3,0.3,available,15.47,2.17,NOAA/NCEI U.S. Monthly Climate Normals 1991–2020 (direct by-station archive),USW00013782 — DWTN CHARLESTON (0.5 mi from city reference point),USW00013880 — CHARLESTON INTL AP (10.5 mi from city reference point),2.0,2026-09-28
65,70,67,Orlando,FL,9.2,20.1,11.4,Mild climate load,51.8,0,51.5,0.0,available,15.03,2.1,NOAA/NCEI U.S. Monthly Climate Normals 1991–2020 (direct by-station archive),USW00012841 — ORLANDO EXECUTIVE AP (2.7 mi from city reference point),USW00012815 — ORLANDO INTL AP (9.1 mi from city reference point),2.0,2026-09-28
66,71,68,Tampa,FL,8.8,20.1,11.1,Mild climate load,52.8,0,49.5,0.0,available,15.03,2.1,NOAA/NCEI U.S. Monthly Climate Normals 1991–2020 (direct by-station archive),USW00012842 — TAMPA INTL AP (5.0 mi from city reference point),,2.0,2026-09-28
67,72,69,Jacksonville,FL,8.5,20.1,10.8,Mild climate load,47.2,0,47.6,0.0,available,15.03,2.1,NOAA/NCEI U.S. Monthly Climate Normals 1991–2020 (direct by-station archive),USW00093837 — JACKSONVILLE NAS (6.7 mi from city reference point),,2.0,2026-09-28
68,51,4,Sacramento,CA,7.7,94.4,25.0,Mild climate load,41.1,0,19.2,0.0,available,33.61,4.79,NOAA/NCEI U.S. Monthly Climate Normals 1991–2020 (direct by-station archive),USW00023271 — SACRAMENTO 5 ESE (4.2 mi from city reference point),,2.0,2026-09-28
69,74,74,Las Vegas,NV,6.8,11.1,7.7,Mild climate load,39.4,0,4.0,0.0,available,12.77,1.83,NOAA/NCEI U.S. Monthly Climate Normals 1991–2020 (direct by-station archive),USW00053123 — LAS VEGAS AIR TERMINAL (4.2 mi from city reference point),USC00265705 — N LAS VEGAS (4.7 mi from city reference point),2.0,2026-09-28
70,73,58,Tucson,AZ,5.0,21.5,8.3,Mild climate load,42.3,0,11.6,0.0,available,15.38,2.18,NOAA/NCEI U.S. Monthly Climate Normals 1991–2020 (direct by-station archive),USC00028815 — TUCSON WFO (1.2 mi from city reference point),,2.0,2026-09-28
71,53,7,San Francisco,CA,4.1,94.4,22.2,Mild climate load,46.6,0,22.9,0.0,available,33.61,4.69,NOAA/NCEI U.S. Monthly Climate Normals 1991–2020 (direct by-station archive),USW00023272 — SAN FRANCISCO DWTN (0.4 mi from city reference point),USC00047767 — SAN FRANCISCO OCEANSIDE (5.5 mi from city reference point),2.0,2026-09-28
72,52,1,Honolulu,HI,3.7,100,23.0,Mild climate load,66.0,0,20.6,0.0,available,48.0,6.7,NOAA/NCEI U.S. Monthly Climate Normals 1991–2020 (direct by-station archive),USC00519397 — WAIKIKI 717.2 (3.8 mi from city reference point),,2.0,2026-09-28
73,57,8,Los Angeles,CA,2.5,94.4,20.9,Mild climate load,48.9,0,14.2,0.0,available,33.61,4.69,NOAA/NCEI U.S. Monthly Climate Normals 1991–2020 (direct by-station archive),USW00093134 — LOS ANGELES DOWNTOWN/USC (3.4 mi from city reference point),USC00047785 — SAN GABRIEL FIRE DEPT (8.3 mi from city reference point),2.0,2026-09-28
74,58,9,San Diego,CA,1.7,94.4,20.2,Mild climate load,50.3,0,9.8,0.0,available,33.61,4.69,NOAA/NCEI U.S. Monthly Climate Normals 1991–2020 (direct by-station archive),USW00023188 — SAN DIEGO INTL AP (1.6 mi from city reference point),USW00093112 — N IS NAS (3.5 mi from city reference point),2.0,2026-09-28
75,75,61,Phoenix,AZ,1.3,21.5,5.3,Mild climate load,46.0,0,7.2,0.0,available,15.38,2.15,NOAA/NCEI U.S. Monthly Climate Normals 1991–2020 (direct by-station archive),USW00023183 — PHOENIX AP (4.1 mi from city reference point),USC00028112 — SOUTH PHOENIX (4.7 mi from city reference point),2.0,2026-09-28
